'id', 'childLabel', 'parent', 'size', { role: 'style' }
0,signal, -1, 1,  black
1, 'sense', 0, 1, black
2, 'detect', 1, 1, green
3, 'smell', 2, 1, orange
4, 'use feedback (IP23)', 3, 1, red
5, 'use a form of sensory feedback', 4, 1,  purple
6, 'use a mechanical feedback', 5, 1,  purple
7, 'piano finger', 6, 1,  blue
8, 'use gravity feedback', 5, 1,  purple
9, 'use vibrational feedback', 5, 1,  purple
10, 'use visual feedback', 5, 1,  purple
11, 'use optical feedback', 5, 1,  purple
12, 'use feedback from flowing fluid', 5, 1,  purple
13, 'copepods predator-prey interactions', 12, 1,  blue
14, 'use proprioception', 5, 1,  purple
15, 'use position feedback', 14, 1,  purple
16, 'ant-lion', 15, 1,  blue
17, 'use audio feedback', 5, 1,  purple
18, 'detect a shift or change in frequency', 17, 1,  purple
19, 'use a broad frequency band', 17, 1,  purple
20, 'use negative feedback', 4, 1,  purple
21, 'initiate stability control', 20, 1,  purple
22, 'inhibit', 20, 1,  purple
23, 'use population control', 4, 1,  purple
24, 'use linear feedback', 4, 1,  purple
25, 'use morphological feedback', 4, 1,  purple
26, 'allow genetic feedback and control', 4, 1,  purple
27, 'use neural or electronic feedback', 4, 1,  purple
28, 'use behavioural feedback', 4, 1,  purple
29, 'grazing copepods', 28, 1,  blue
30, 'filter-feeding shark', 28, 1,  blue
31, 'come to a concensual agreement', 28, 1,  purple
32, 'ant decisions', 31, 1,  blue
33, 'sick bees', 31, 1,  blue
34, 'follow a pre-existing trail', 28, 1,  purple
35, 'learn', 28, 1,  purple
36, 'false alarms', 35, 1,  blue
37, 'use positive feedback', 4, 1,  purple
38, 'foraging pheromone', 37, 1,  blue
39, 'amplify feedback', 37, 1,  purple
40, 'use a nonlinear positive feedback', 37, 1,  purple
41, 'ant decisions', 40, 1,  blue
42, 'excite', 37, 1,  purple
43, 'use physiological feedback', 4, 1,  purple
44, 'use error correction', 4, 1,  purple
45, 'post-error dynamics', 44, 1,  blue
46, 'use passive feedback', 4, 1,  purple
47, 'set sensitivity inverse to input signal', 46, 1,  purple
48, 'use automatic control', 4, 1,  purple
49, 'use natural selection', 48, 1,  purple
50, 'implement quality control', 48, 1,  purple
51, 'ejaculate economics', 50, 1,  blue
52, 'optimise the signal-to-noise ratio', 50, 1,  purple
53, 'toad vision', 52, 1,  blue
54, 'be sensitive to environmental cues', 48, 1,  purple
55, 'copepods predator-prey interactions', 54, 1,  blue
56, 'use adaptive evolution', 48, 1,  purple
57, 'fitness and stability', 56, 1,  blue
58, 'prepare for action (IP10)', 3, 1, red
59, 'adapt behaviour', 58, 1,  purple
60, 'acquire resource', 59, 1,  purple
61, 'copepods predator-prey interactions', 60, 1,  blue
62, 'store resource', 59, 1,  purple
63, 'use stored resource', 62, 1,  purple
64, 'ejaculate economics', 63, 1,  blue
65, 'jasmonate and auxin', 63, 1,  blue
66, 'store water', 62, 1,  purple
67, 'store nutrition', 62, 1,  purple
68, 'store elastic energy', 62, 1,  purple
69, 'degree of specialisation', 58, 1,  purple
70, 'generalise', 69, 1,  purple
71, 'specialise', 69, 1,  purple
72, 'adapt timing', 58, 1,  purple
73, 'develop ability to predict', 72, 1,  purple
74, 'post-error dynamics', 73, 1,  blue
75, 'piano finger', 73, 1,  blue
76, 'respond to photoperiod', 73, 1,  purple
77, 'use daily periodicity', 72, 1,  purple
78, 'nocturnal activity', 77, 1,  purple
79, 'crepuscular activity', 77, 1,  purple
80, 'diurnal activity', 77, 1,  purple
81, 'use seasonal periodicity', 72, 1,  purple
82, 'develop dormancy', 81, 1,  purple
83, 'adapt physiology', 58, 1,  purple
84, 'foraging pheromone', 83, 1,  blue
85, 'ant decisions', 83, 1,  blue
86, 'copulation corrupts immunity', 83, 1,  blue
87, 'increase immune response', 83, 1,  purple
88, 'decrease immune response', 83, 1,  purple
89, 'corticosteroid and feathers', 88, 1,  blue
90, 'adapt morphology', 58, 1,  purple
91, 'Gambusia swimming', 90, 1,  blue
92, 'use a breakable membrane', 90, 1,  purple
93, 'pre-adapt', 90, 1,  purple
94, 'invest more energy into structure', 90, 1,  purple
95, 'extract and separate (IP02)', 3, 1, red
96, 'isolate useful function', 95, 1,  purple
97, 'isolate with a membrane', 96, 1,  purple
98, 'insulate', 96, 1,  purple
99, 'extract information', 95, 1,  purple
100, 'extract solids', 95, 1,  purple
101, 'digest solids', 100, 1,  purple
102, 'separation in space', 95, 1,  purple
103, 'extract fluids', 95, 1,  purple
104, 'adsorb selectively', 103, 1,  purple
105, 'diffuse selectively', 103, 1,  purple
106, 'digest fluids', 103, 1,  purple
107, 'absorb selectively', 103, 1,  purple
108, 'separation in time', 95, 1,  purple
109, 'feed selectively', 95, 1,  purple
110, 'filter-feeding shark', 109, 1,  blue
111, 'use a filter', 109, 1,  purple
112, 'remove interference', 95, 1,  purple
113, 'selective dissolution', 112, 1,  purple
114, 'filter noisy signal', 112, 1,  purple
115, 'use an intermediary (IP24)', 3, 1, red
116, 'use an intermediary object', 115, 1,  purple
117, 'use an object with some power of attraction', 116, 1,  purple
118, 'use an attractive quality', 117, 1,  purple
119, 'use an attractive thing', 117, 1,  purple
120, 'use a sensor to monitor mediation', 116, 1,  purple
121, 'use an intermediary carrier', 115, 1,  purple
122, 'neural threshold', 121, 1,  blue
123, 'use a chemical cue', 121, 1,  purple
124, 'foraging pheromone', 123, 1,  blue
125, 'use a transfer mould', 121, 1,  purple
126, 'adsorb onto a surface', 121, 1,  purple
127, 'use a template', 121, 1,  purple
128, 'use action of an intermediary', 115, 1,  purple
129, 'modify radiation conditions', 128, 1,  purple
130, 'diffuse with a sharp edge', 129, 1,  purple
131, 'reflect radiation wavelengths', 129, 1,  purple
132, 'reflect radiation intensity', 129, 1,  purple
133, 'use a acatalyst', 128, 1,  purple
134, 'pea aphid sterol', 133, 1,  blue
135, 'use an exchanger', 128, 1,  purple
136, 'use the action of a hormone', 128, 1,  purple
137, 'copulation corrupts immunity', 136, 1,  blue
138, 'merge two or more objects temporarily', 115, 1,  purple
139, 'use an inhibitory binding protein', 138, 1,  purple
140, 'use an adhesive', 138, 1,  purple
141, 'spider muscle', 140, 1,  blue
142, 'chameleon suction trap', 140, 1,  blue
143, 'dissolve boundaries', 138, 1,  purple
144, 'locate', 2, 1, orange
145, 'use feedback (IP23)', 144, 1, red
146, 'use a form of sensory feedback', 145, 1,  purple
147, 'use a mechanical feedback', 146, 1,  purple
148, 'piano finger', 147, 1,  blue
149, 'use gravity feedback', 146, 1,  purple
150, 'use vibrational feedback', 146, 1,  purple
151, 'use visual feedback', 146, 1,  purple
152, 'use optical feedback', 146, 1,  purple
153, 'use feedback from flowing fluid', 146, 1,  purple
154, 'copepods predator-prey interactions', 153, 1,  blue
155, 'use proprioception', 146, 1,  purple
156, 'use position feedback', 155, 1,  purple
157, 'ant-lion', 156, 1,  blue
158, 'use audio feedback', 146, 1,  purple
159, 'detect a shift or change in frequency', 158, 1,  purple
160, 'use a broad frequency band', 158, 1,  purple
161, 'use negative feedback', 145, 1,  purple
162, 'initiate stability control', 161, 1,  purple
163, 'inhibit', 161, 1,  purple
164, 'use population control', 145, 1,  purple
165, 'use linear feedback', 145, 1,  purple
166, 'use morphological feedback', 145, 1,  purple
167, 'allow genetic feedback and control', 145, 1,  purple
168, 'use neural or electronic feedback', 145, 1,  purple
169, 'use behavioural feedback', 145, 1,  purple
170, 'grazing copepods', 169, 1,  blue
171, 'filter-feeding shark', 169, 1,  blue
172, 'come to a concensual agreement', 169, 1,  purple
173, 'ant decisions', 172, 1,  blue
174, 'sick bees', 172, 1,  blue
175, 'follow a pre-existing trail', 169, 1,  purple
176, 'learn', 169, 1,  purple
177, 'false alarms', 176, 1,  blue
178, 'use positive feedback', 145, 1,  purple
179, 'foraging pheromone', 178, 1,  blue
180, 'amplify feedback', 178, 1,  purple
181, 'use a nonlinear positive feedback', 178, 1,  purple
182, 'ant decisions', 181, 1,  blue
183, 'excite', 178, 1,  purple
184, 'use physiological feedback', 145, 1,  purple
185, 'use error correction', 145, 1,  purple
186, 'post-error dynamics', 185, 1,  blue
187, 'use passive feedback', 145, 1,  purple
188, 'set sensitivity inverse to input signal', 187, 1,  purple
189, 'use automatic control', 145, 1,  purple
190, 'use natural selection', 189, 1,  purple
191, 'implement quality control', 189, 1,  purple
192, 'ejaculate economics', 191, 1,  blue
193, 'optimise the signal-to-noise ratio', 191, 1,  purple
194, 'toad vision', 193, 1,  blue
195, 'be sensitive to environmental cues', 189, 1,  purple
196, 'copepods predator-prey interactions', 195, 1,  blue
197, 'use adaptive evolution', 189, 1,  purple
198, 'fitness and stability', 197, 1,  blue
199, 'prepare a defence (IP09)', 144, 1, red
200, 'prepare a behavioural defence', 199, 1,  purple
201, 'initiate diversionary behaviour', 200, 1,  purple
202, 'make a smokescreen', 201, 1,  purple
203, 'use a mask', 200, 1,  purple
204, 'give a warning', 200, 1,  purple
205, 'make the surface slippery', 200, 1,  purple
206, 'produce a gel or mucus', 205, 1,  purple
207, 'nacre mechanics', 206, 1,  blue
208, 'prepare a chemical defence', 199, 1,  purple
209, 'jasmonate and auxin', 208, 1,  blue
210, 'enhance immunity', 208, 1,  purple
211, 'use a defence chemical', 208, 1,  purple
212, 'use an antiviral chemical', 208, 1,  purple
213, 'introduce a toxin', 208, 1,  purple
214, 'use an antibacterial chemical', 208, 1,  purple
215, 'develop resistance to cold', 208, 1,  purple
216, 'use a chemical repellent', 208, 1,  purple
217, 'initiate antiaction', 199, 1,  purple
218, 'groom', 217, 1,  purple
219, 'groom oneself', 218, 1,  purple
220, 'groom a conspecific (allo-grooming)', 218, 1,  purple
221, 'repel', 217, 1,  purple
222, 'expel', 217, 1,  purple
223, 'apply opposite prestrain', 217, 1,  purple
224, 'prevent', 217, 1,  purple
225, 'excrete', 217, 1,  purple
226, 'stop', 217, 1,  purple
227, 'dissipate energy', 217, 1,  purple
228, 'inhibit', 217, 1,  purple
229, 'suppress', 217, 1,  purple
230, 'prepare a defensive object', 199, 1,  purple
231, 'develop a repellant surface structure', 230, 1,  purple
232, 'prepare a mechanical defence', 199, 1,  purple
233, 'change strength', 232, 1,  purple
234, 'change size', 232, 1,  purple
235, 'develop an impermeable membrane', 232, 1,  purple
236, 'encapsulate an alien object', 235, 1,  purple
237, 'change toughness', 232, 1,  purple
238, 'initiate pre-emptive behaviour', 199, 1,  purple
239, 'initiate a counteraction to wave or wind', 238, 1,  purple
240, 'stick to the substrate', 239, 1,  purple
241, 'try boldness', 238, 1,  purple
242, 'adopt a defensive strategy', 238, 1,  purple
243, 'avoid negative event', 238, 1,  purple
244, 'take avoiding action', 243, 1,  purple
245, 'false alarms', 244, 1,  blue
246, 'let a population migrate', 243, 1,  purple
247, 'see', 2, 1, orange
248, 'prepare for action (IP10)', 247, 1, red
249, 'adapt behaviour', 248, 1,  purple
250, 'acquire resource', 249, 1,  purple
251, 'copepods predator-prey interactions', 250, 1,  blue
252, 'store resource', 249, 1,  purple
253, 'use stored resource', 252, 1,  purple
254, 'ejaculate economics', 253, 1,  blue
255, 'jasmonate and auxin', 253, 1,  blue
256, 'store water', 252, 1,  purple
257, 'store nutrition', 252, 1,  purple
258, 'store elastic energy', 252, 1,  purple
259, 'degree of specialisation', 248, 1,  purple
260, 'generalise', 259, 1,  purple
261, 'specialise', 259, 1,  purple
262, 'adapt timing', 248, 1,  purple
263, 'develop ability to predict', 262, 1,  purple
264, 'post-error dynamics', 263, 1,  blue
265, 'piano finger', 263, 1,  blue
266, 'respond to photoperiod', 263, 1,  purple
267, 'use daily periodicity', 262, 1,  purple
268, 'nocturnal activity', 267, 1,  purple
269, 'crepuscular activity', 267, 1,  purple
270, 'diurnal activity', 267, 1,  purple
271, 'use seasonal periodicity', 262, 1,  purple
272, 'develop dormancy', 271, 1,  purple
273, 'adapt physiology', 248, 1,  purple
274, 'foraging pheromone', 273, 1,  blue
275, 'ant decisions', 273, 1,  blue
276, 'copulation corrupts immunity', 273, 1,  blue
277, 'increase immune response', 273, 1,  purple
278, 'decrease immune response', 273, 1,  purple
279, 'corticosteroid and feathers', 278, 1,  blue
280, 'adapt morphology', 248, 1,  purple
281, 'Gambusia swimming', 280, 1,  blue
282, 'use a breakable membrane', 280, 1,  purple
283, 'pre-adapt', 280, 1,  purple
284, 'invest more energy into structure', 280, 1,  purple
285, 'use an intermediary (IP24)', 247, 1, red
286, 'use an intermediary object', 285, 1,  purple
287, 'use an object with some power of attraction', 286, 1,  purple
288, 'use an attractive quality', 287, 1,  purple
289, 'use an attractive thing', 287, 1,  purple
290, 'use a sensor to monitor mediation', 286, 1,  purple
291, 'use an intermediary carrier', 285, 1,  purple
292, 'neural threshold', 291, 1,  blue
293, 'use a chemical cue', 291, 1,  purple
294, 'foraging pheromone', 293, 1,  blue
295, 'use a transfer mould', 291, 1,  purple
296, 'adsorb onto a surface', 291, 1,  purple
297, 'use a template', 291, 1,  purple
298, 'use action of an intermediary', 285, 1,  purple
299, 'modify radiation conditions', 298, 1,  purple
300, 'diffuse with a sharp edge', 299, 1,  purple
301, 'reflect radiation wavelengths', 299, 1,  purple
302, 'reflect radiation intensity', 299, 1,  purple
303, 'use a acatalyst', 298, 1,  purple
304, 'pea aphid sterol', 303, 1,  blue
305, 'use an exchanger', 298, 1,  purple
306, 'use the action of a hormone', 298, 1,  purple
307, 'copulation corrupts immunity', 306, 1,  blue
308, 'merge two or more objects temporarily', 285, 1,  purple
309, 'use an inhibitory binding protein', 308, 1,  purple
310, 'use an adhesive', 308, 1,  purple
311, 'spider muscle', 310, 1,  blue
312, 'chameleon suction trap', 310, 1,  blue
313, 'dissolve boundaries', 308, 1,  purple
314, 'use feedback (IP23)', 247, 1, red
315, 'use a form of sensory feedback', 314, 1,  purple
316, 'use a mechanical feedback', 315, 1,  purple
317, 'piano finger', 316, 1,  blue
318, 'use gravity feedback', 315, 1,  purple
319, 'use vibrational feedback', 315, 1,  purple
320, 'use visual feedback', 315, 1,  purple
321, 'use optical feedback', 315, 1,  purple
322, 'use feedback from flowing fluid', 315, 1,  purple
323, 'copepods predator-prey interactions', 322, 1,  blue
324, 'use proprioception', 315, 1,  purple
325, 'use position feedback', 324, 1,  purple
326, 'ant-lion', 325, 1,  blue
327, 'use audio feedback', 315, 1,  purple
328, 'detect a shift or change in frequency', 327, 1,  purple
329, 'use a broad frequency band', 327, 1,  purple
330, 'use negative feedback', 314, 1,  purple
331, 'initiate stability control', 330, 1,  purple
332, 'inhibit', 330, 1,  purple
333, 'use population control', 314, 1,  purple
334, 'use linear feedback', 314, 1,  purple
335, 'use morphological feedback', 314, 1,  purple
336, 'allow genetic feedback and control', 314, 1,  purple
337, 'use neural or electronic feedback', 314, 1,  purple
338, 'use behavioural feedback', 314, 1,  purple
339, 'grazing copepods', 338, 1,  blue
340, 'filter-feeding shark', 338, 1,  blue
341, 'come to a concensual agreement', 338, 1,  purple
342, 'ant decisions', 341, 1,  blue
343, 'sick bees', 341, 1,  blue
344, 'follow a pre-existing trail', 338, 1,  purple
345, 'learn', 338, 1,  purple
346, 'false alarms', 345, 1,  blue
347, 'use positive feedback', 314, 1,  purple
348, 'foraging pheromone', 347, 1,  blue
349, 'amplify feedback', 347, 1,  purple
350, 'use a nonlinear positive feedback', 347, 1,  purple
351, 'ant decisions', 350, 1,  blue
352, 'excite', 347, 1,  purple
353, 'use physiological feedback', 314, 1,  purple
354, 'use error correction', 314, 1,  purple
355, 'post-error dynamics', 354, 1,  blue
356, 'use passive feedback', 314, 1,  purple
357, 'set sensitivity inverse to input signal', 356, 1,  purple
358, 'use automatic control', 314, 1,  purple
359, 'use natural selection', 358, 1,  purple
360, 'implement quality control', 358, 1,  purple
361, 'ejaculate economics', 360, 1,  blue
362, 'optimise the signal-to-noise ratio', 360, 1,  purple
363, 'toad vision', 362, 1,  blue
364, 'be sensitive to environmental cues', 358, 1,  purple
365, 'copepods predator-prey interactions', 364, 1,  blue
366, 'use adaptive evolution', 358, 1,  purple
367, 'fitness and stability', 366, 1,  blue
368, 'measure', 1, 1, green
369, 'watch', 368, 1, orange
370, 'prepare for action (IP10)', 369, 1, red
371, 'adapt behaviour', 370, 1,  purple
372, 'acquire resource', 371, 1,  purple
373, 'copepods predator-prey interactions', 372, 1,  blue
374, 'store resource', 371, 1,  purple
375, 'use stored resource', 374, 1,  purple
376, 'ejaculate economics', 375, 1,  blue
377, 'jasmonate and auxin', 375, 1,  blue
378, 'store water', 374, 1,  purple
379, 'store nutrition', 374, 1,  purple
380, 'store elastic energy', 374, 1,  purple
381, 'degree of specialisation', 370, 1,  purple
382, 'generalise', 381, 1,  purple
383, 'specialise', 381, 1,  purple
384, 'adapt timing', 370, 1,  purple
385, 'develop ability to predict', 384, 1,  purple
386, 'post-error dynamics', 385, 1,  blue
387, 'piano finger', 385, 1,  blue
388, 'respond to photoperiod', 385, 1,  purple
389, 'use daily periodicity', 384, 1,  purple
390, 'nocturnal activity', 389, 1,  purple
391, 'crepuscular activity', 389, 1,  purple
392, 'diurnal activity', 389, 1,  purple
393, 'use seasonal periodicity', 384, 1,  purple
394, 'develop dormancy', 393, 1,  purple
395, 'adapt physiology', 370, 1,  purple
396, 'foraging pheromone', 395, 1,  blue
397, 'ant decisions', 395, 1,  blue
398, 'copulation corrupts immunity', 395, 1,  blue
399, 'increase immune response', 395, 1,  purple
400, 'decrease immune response', 395, 1,  purple
401, 'corticosteroid and feathers', 400, 1,  blue
402, 'adapt morphology', 370, 1,  purple
403, 'Gambusia swimming', 402, 1,  blue
404, 'use a breakable membrane', 402, 1,  purple
405, 'pre-adapt', 402, 1,  purple
406, 'invest more energy into structure', 402, 1,  purple
407, 'use feedback (IP23)', 369, 1, red
408, 'use a form of sensory feedback', 407, 1,  purple
409, 'use a mechanical feedback', 408, 1,  purple
410, 'piano finger', 409, 1,  blue
411, 'use gravity feedback', 408, 1,  purple
412, 'use vibrational feedback', 408, 1,  purple
413, 'use visual feedback', 408, 1,  purple
414, 'use optical feedback', 408, 1,  purple
415, 'use feedback from flowing fluid', 408, 1,  purple
416, 'copepods predator-prey interactions', 415, 1,  blue
417, 'use proprioception', 408, 1,  purple
418, 'use position feedback', 417, 1,  purple
419, 'ant-lion', 418, 1,  blue
420, 'use audio feedback', 408, 1,  purple
421, 'detect a shift or change in frequency', 420, 1,  purple
422, 'use a broad frequency band', 420, 1,  purple
423, 'use negative feedback', 407, 1,  purple
424, 'initiate stability control', 423, 1,  purple
425, 'inhibit', 423, 1,  purple
426, 'use population control', 407, 1,  purple
427, 'use linear feedback', 407, 1,  purple
428, 'use morphological feedback', 407, 1,  purple
429, 'allow genetic feedback and control', 407, 1,  purple
430, 'use neural or electronic feedback', 407, 1,  purple
431, 'use behavioural feedback', 407, 1,  purple
432, 'grazing copepods', 431, 1,  blue
433, 'filter-feeding shark', 431, 1,  blue
434, 'come to a concensual agreement', 431, 1,  purple
435, 'ant decisions', 434, 1,  blue
436, 'sick bees', 434, 1,  blue
437, 'follow a pre-existing trail', 431, 1,  purple
438, 'learn', 431, 1,  purple
439, 'false alarms', 438, 1,  blue
440, 'use positive feedback', 407, 1,  purple
441, 'foraging pheromone', 440, 1,  blue
442, 'amplify feedback', 440, 1,  purple
443, 'use a nonlinear positive feedback', 440, 1,  purple
444, 'ant decisions', 443, 1,  blue
445, 'excite', 440, 1,  purple
446, 'use physiological feedback', 407, 1,  purple
447, 'use error correction', 407, 1,  purple
448, 'post-error dynamics', 447, 1,  blue
449, 'use passive feedback', 407, 1,  purple
450, 'set sensitivity inverse to input signal', 449, 1,  purple
451, 'use automatic control', 407, 1,  purple
452, 'use natural selection', 451, 1,  purple
453, 'implement quality control', 451, 1,  purple
454, 'ejaculate economics', 453, 1,  blue
455, 'optimise the signal-to-noise ratio', 453, 1,  purple
456, 'toad vision', 455, 1,  blue
457, 'be sensitive to environmental cues', 451, 1,  purple
458, 'copepods predator-prey interactions', 457, 1,  blue
459, 'use adaptive evolution', 451, 1,  purple
460, 'fitness and stability', 459, 1,  blue
461, 'prepare a defence (IP09)', 369, 1, red
462, 'prepare a behavioural defence', 461, 1,  purple
463, 'initiate diversionary behaviour', 462, 1,  purple
464, 'make a smokescreen', 463, 1,  purple
465, 'use a mask', 462, 1,  purple
466, 'give a warning', 462, 1,  purple
467, 'make the surface slippery', 462, 1,  purple
468, 'produce a gel or mucus', 467, 1,  purple
469, 'nacre mechanics', 468, 1,  blue
470, 'prepare a chemical defence', 461, 1,  purple
471, 'jasmonate and auxin', 470, 1,  blue
472, 'enhance immunity', 470, 1,  purple
473, 'use a defence chemical', 470, 1,  purple
474, 'use an antiviral chemical', 470, 1,  purple
475, 'introduce a toxin', 470, 1,  purple
476, 'use an antibacterial chemical', 470, 1,  purple
477, 'develop resistance to cold', 470, 1,  purple
478, 'use a chemical repellent', 470, 1,  purple
479, 'initiate antiaction', 461, 1,  purple
480, 'groom', 479, 1,  purple
481, 'groom oneself', 480, 1,  purple
482, 'groom a conspecific (allo-grooming)', 480, 1,  purple
483, 'repel', 479, 1,  purple
484, 'expel', 479, 1,  purple
485, 'apply opposite prestrain', 479, 1,  purple
486, 'prevent', 479, 1,  purple
487, 'excrete', 479, 1,  purple
488, 'stop', 479, 1,  purple
489, 'dissipate energy', 479, 1,  purple
490, 'inhibit', 479, 1,  purple
491, 'suppress', 479, 1,  purple
492, 'prepare a defensive object', 461, 1,  purple
493, 'develop a repellant surface structure', 492, 1,  purple
494, 'prepare a mechanical defence', 461, 1,  purple
495, 'change strength', 494, 1,  purple
496, 'change size', 494, 1,  purple
497, 'develop an impermeable membrane', 494, 1,  purple
498, 'encapsulate an alien object', 497, 1,  purple
499, 'change toughness', 494, 1,  purple
500, 'initiate pre-emptive behaviour', 461, 1,  purple
501, 'initiate a counteraction to wave or wind', 500, 1,  purple
502, 'stick to the substrate', 501, 1,  purple
503, 'try boldness', 500, 1,  purple
504, 'adopt a defensive strategy', 500, 1,  purple
505, 'avoid negative event', 500, 1,  purple
506, 'take avoiding action', 505, 1,  purple
507, 'false alarms', 506, 1,  blue
508, 'let a population migrate', 505, 1,  purple
509, 'use an intermediary (IP24)', 369, 1, red
510, 'use an intermediary object', 509, 1,  purple
511, 'use an object with some power of attraction', 510, 1,  purple
512, 'use an attractive quality', 511, 1,  purple
513, 'use an attractive thing', 511, 1,  purple
514, 'use a sensor to monitor mediation', 510, 1,  purple
515, 'use an intermediary carrier', 509, 1,  purple
516, 'neural threshold', 515, 1,  blue
517, 'use a chemical cue', 515, 1,  purple
518, 'foraging pheromone', 517, 1,  blue
519, 'use a transfer mould', 515, 1,  purple
520, 'adsorb onto a surface', 515, 1,  purple
521, 'use a template', 515, 1,  purple
522, 'use action of an intermediary', 509, 1,  purple
523, 'modify radiation conditions', 522, 1,  purple
524, 'diffuse with a sharp edge', 523, 1,  purple
525, 'reflect radiation wavelengths', 523, 1,  purple
526, 'reflect radiation intensity', 523, 1,  purple
527, 'use a acatalyst', 522, 1,  purple
528, 'pea aphid sterol', 527, 1,  blue
529, 'use an exchanger', 522, 1,  purple
530, 'use the action of a hormone', 522, 1,  purple
531, 'copulation corrupts immunity', 530, 1,  blue
532, 'merge two or more objects temporarily', 509, 1,  purple
533, 'use an inhibitory binding protein', 532, 1,  purple
534, 'use an adhesive', 532, 1,  purple
535, 'spider muscle', 534, 1,  blue
536, 'chameleon suction trap', 534, 1,  blue
537, 'dissolve boundaries', 532, 1,  purple
538, 'gauge', 368, 1, orange
539, 'prepare for action (IP10)', 538, 1, red
540, 'adapt behaviour', 539, 1,  purple
541, 'acquire resource', 540, 1,  purple
542, 'copepods predator-prey interactions', 541, 1,  blue
543, 'store resource', 540, 1,  purple
544, 'use stored resource', 543, 1,  purple
545, 'ejaculate economics', 544, 1,  blue
546, 'jasmonate and auxin', 544, 1,  blue
547, 'store water', 543, 1,  purple
548, 'store nutrition', 543, 1,  purple
549, 'store elastic energy', 543, 1,  purple
550, 'degree of specialisation', 539, 1,  purple
551, 'generalise', 550, 1,  purple
552, 'specialise', 550, 1,  purple
553, 'adapt timing', 539, 1,  purple
554, 'develop ability to predict', 553, 1,  purple
555, 'post-error dynamics', 554, 1,  blue
556, 'piano finger', 554, 1,  blue
557, 'respond to photoperiod', 554, 1,  purple
558, 'use daily periodicity', 553, 1,  purple
559, 'nocturnal activity', 558, 1,  purple
560, 'crepuscular activity', 558, 1,  purple
561, 'diurnal activity', 558, 1,  purple
562, 'use seasonal periodicity', 553, 1,  purple
563, 'develop dormancy', 562, 1,  purple
564, 'adapt physiology', 539, 1,  purple
565, 'foraging pheromone', 564, 1,  blue
566, 'ant decisions', 564, 1,  blue
567, 'copulation corrupts immunity', 564, 1,  blue
568, 'increase immune response', 564, 1,  purple
569, 'decrease immune response', 564, 1,  purple
570, 'corticosteroid and feathers', 569, 1,  blue
571, 'adapt morphology', 539, 1,  purple
572, 'Gambusia swimming', 571, 1,  blue
573, 'use a breakable membrane', 571, 1,  purple
574, 'pre-adapt', 571, 1,  purple
575, 'invest more energy into structure', 571, 1,  purple
576, 'use feedback (IP23)', 538, 1, red
577, 'use a form of sensory feedback', 576, 1,  purple
578, 'use a mechanical feedback', 577, 1,  purple
579, 'piano finger', 578, 1,  blue
580, 'use gravity feedback', 577, 1,  purple
581, 'use vibrational feedback', 577, 1,  purple
582, 'use visual feedback', 577, 1,  purple
583, 'use optical feedback', 577, 1,  purple
584, 'use feedback from flowing fluid', 577, 1,  purple
585, 'copepods predator-prey interactions', 584, 1,  blue
586, 'use proprioception', 577, 1,  purple
587, 'use position feedback', 586, 1,  purple
588, 'ant-lion', 587, 1,  blue
589, 'use audio feedback', 577, 1,  purple
590, 'detect a shift or change in frequency', 589, 1,  purple
591, 'use a broad frequency band', 589, 1,  purple
592, 'use negative feedback', 576, 1,  purple
593, 'initiate stability control', 592, 1,  purple
594, 'inhibit', 592, 1,  purple
595, 'use population control', 576, 1,  purple
596, 'use linear feedback', 576, 1,  purple
597, 'use morphological feedback', 576, 1,  purple
598, 'allow genetic feedback and control', 576, 1,  purple
599, 'use neural or electronic feedback', 576, 1,  purple
600, 'use behavioural feedback', 576, 1,  purple
601, 'grazing copepods', 600, 1,  blue
602, 'filter-feeding shark', 600, 1,  blue
603, 'come to a concensual agreement', 600, 1,  purple
604, 'ant decisions', 603, 1,  blue
605, 'sick bees', 603, 1,  blue
606, 'follow a pre-existing trail', 600, 1,  purple
607, 'learn', 600, 1,  purple
608, 'false alarms', 607, 1,  blue
609, 'use positive feedback', 576, 1,  purple
610, 'foraging pheromone', 609, 1,  blue
611, 'amplify feedback', 609, 1,  purple
612, 'use a nonlinear positive feedback', 609, 1,  purple
613, 'ant decisions', 612, 1,  blue
614, 'excite', 609, 1,  purple
615, 'use physiological feedback', 576, 1,  purple
616, 'use error correction', 576, 1,  purple
617, 'post-error dynamics', 616, 1,  blue
618, 'use passive feedback', 576, 1,  purple
619, 'set sensitivity inverse to input signal', 618, 1,  purple
620, 'use automatic control', 576, 1,  purple
621, 'use natural selection', 620, 1,  purple
622, 'implement quality control', 620, 1,  purple
623, 'ejaculate economics', 622, 1,  blue
624, 'optimise the signal-to-noise ratio', 622, 1,  purple
625, 'toad vision', 624, 1,  blue
626, 'be sensitive to environmental cues', 620, 1,  purple
627, 'copepods predator-prey interactions', 626, 1,  blue
628, 'use adaptive evolution', 620, 1,  purple
629, 'fitness and stability', 628, 1,  blue
630, 'monitor', 368, 1, orange
631, 'use feedback (IP23)', 630, 1, red
632, 'use a form of sensory feedback', 631, 1,  purple
633, 'use a mechanical feedback', 632, 1,  purple
634, 'piano finger', 633, 1,  blue
635, 'use gravity feedback', 632, 1,  purple
636, 'use vibrational feedback', 632, 1,  purple
637, 'use visual feedback', 632, 1,  purple
638, 'use optical feedback', 632, 1,  purple
639, 'use feedback from flowing fluid', 632, 1,  purple
640, 'copepods predator-prey interactions', 639, 1,  blue
641, 'use proprioception', 632, 1,  purple
642, 'use position feedback', 641, 1,  purple
643, 'ant-lion', 642, 1,  blue
644, 'use audio feedback', 632, 1,  purple
645, 'detect a shift or change in frequency', 644, 1,  purple
646, 'use a broad frequency band', 644, 1,  purple
647, 'use negative feedback', 631, 1,  purple
648, 'initiate stability control', 647, 1,  purple
649, 'inhibit', 647, 1,  purple
650, 'use population control', 631, 1,  purple
651, 'use linear feedback', 631, 1,  purple
652, 'use morphological feedback', 631, 1,  purple
653, 'allow genetic feedback and control', 631, 1,  purple
654, 'use neural or electronic feedback', 631, 1,  purple
655, 'use behavioural feedback', 631, 1,  purple
656, 'grazing copepods', 655, 1,  blue
657, 'filter-feeding shark', 655, 1,  blue
658, 'come to a concensual agreement', 655, 1,  purple
659, 'ant decisions', 658, 1,  blue
660, 'sick bees', 658, 1,  blue
661, 'follow a pre-existing trail', 655, 1,  purple
662, 'learn', 655, 1,  purple
663, 'false alarms', 662, 1,  blue
664, 'use positive feedback', 631, 1,  purple
665, 'foraging pheromone', 664, 1,  blue
666, 'amplify feedback', 664, 1,  purple
667, 'use a nonlinear positive feedback', 664, 1,  purple
668, 'ant decisions', 667, 1,  blue
669, 'excite', 664, 1,  purple
670, 'use physiological feedback', 631, 1,  purple
671, 'use error correction', 631, 1,  purple
672, 'post-error dynamics', 671, 1,  blue
673, 'use passive feedback', 631, 1,  purple
674, 'set sensitivity inverse to input signal', 673, 1,  purple
675, 'use automatic control', 631, 1,  purple
676, 'use natural selection', 675, 1,  purple
677, 'implement quality control', 675, 1,  purple
678, 'ejaculate economics', 677, 1,  blue
679, 'optimise the signal-to-noise ratio', 677, 1,  purple
680, 'toad vision', 679, 1,  blue
681, 'be sensitive to environmental cues', 675, 1,  purple
682, 'copepods predator-prey interactions', 681, 1,  blue
683, 'use adaptive evolution', 675, 1,  purple
684, 'fitness and stability', 683, 1,  blue
685, 'prepare for action (IP10)', 630, 1, red
686, 'adapt behaviour', 685, 1,  purple
687, 'acquire resource', 686, 1,  purple
688, 'copepods predator-prey interactions', 687, 1,  blue
689, 'store resource', 686, 1,  purple
690, 'use stored resource', 689, 1,  purple
691, 'ejaculate economics', 690, 1,  blue
692, 'jasmonate and auxin', 690, 1,  blue
693, 'store water', 689, 1,  purple
694, 'store nutrition', 689, 1,  purple
695, 'store elastic energy', 689, 1,  purple
696, 'degree of specialisation', 685, 1,  purple
697, 'generalise', 696, 1,  purple
698, 'specialise', 696, 1,  purple
699, 'adapt timing', 685, 1,  purple
700, 'develop ability to predict', 699, 1,  purple
701, 'post-error dynamics', 700, 1,  blue
702, 'piano finger', 700, 1,  blue
703, 'respond to photoperiod', 700, 1,  purple
704, 'use daily periodicity', 699, 1,  purple
705, 'nocturnal activity', 704, 1,  purple
706, 'crepuscular activity', 704, 1,  purple
707, 'diurnal activity', 704, 1,  purple
708, 'use seasonal periodicity', 699, 1,  purple
709, 'develop dormancy', 708, 1,  purple
710, 'adapt physiology', 685, 1,  purple
711, 'foraging pheromone', 710, 1,  blue
712, 'ant decisions', 710, 1,  blue
713, 'copulation corrupts immunity', 710, 1,  blue
714, 'increase immune response', 710, 1,  purple
715, 'decrease immune response', 710, 1,  purple
716, 'corticosteroid and feathers', 715, 1,  blue
717, 'adapt morphology', 685, 1,  purple
718, 'Gambusia swimming', 717, 1,  blue
719, 'use a breakable membrane', 717, 1,  purple
720, 'pre-adapt', 717, 1,  purple
721, 'invest more energy into structure', 717, 1,  purple
722, 'observe', 368, 1, orange
723, 'prepare for action (IP10)', 722, 1, red
724, 'adapt behaviour', 723, 1,  purple
725, 'acquire resource', 724, 1,  purple
726, 'copepods predator-prey interactions', 725, 1,  blue
727, 'store resource', 724, 1,  purple
728, 'use stored resource', 727, 1,  purple
729, 'ejaculate economics', 728, 1,  blue
730, 'jasmonate and auxin', 728, 1,  blue
731, 'store water', 727, 1,  purple
732, 'store nutrition', 727, 1,  purple
733, 'store elastic energy', 727, 1,  purple
734, 'degree of specialisation', 723, 1,  purple
735, 'generalise', 734, 1,  purple
736, 'specialise', 734, 1,  purple
737, 'adapt timing', 723, 1,  purple
738, 'develop ability to predict', 737, 1,  purple
739, 'post-error dynamics', 738, 1,  blue
740, 'piano finger', 738, 1,  blue
741, 'respond to photoperiod', 738, 1,  purple
742, 'use daily periodicity', 737, 1,  purple
743, 'nocturnal activity', 742, 1,  purple
744, 'crepuscular activity', 742, 1,  purple
745, 'diurnal activity', 742, 1,  purple
746, 'use seasonal periodicity', 737, 1,  purple
747, 'develop dormancy', 746, 1,  purple
748, 'adapt physiology', 723, 1,  purple
749, 'foraging pheromone', 748, 1,  blue
750, 'ant decisions', 748, 1,  blue
751, 'copulation corrupts immunity', 748, 1,  blue
752, 'increase immune response', 748, 1,  purple
753, 'decrease immune response', 748, 1,  purple
754, 'corticosteroid and feathers', 753, 1,  blue
755, 'adapt morphology', 723, 1,  purple
756, 'Gambusia swimming', 755, 1,  blue
757, 'use a breakable membrane', 755, 1,  purple
758, 'pre-adapt', 755, 1,  purple
759, 'invest more energy into structure', 755, 1,  purple
760, 'indicate_process', 0, 1, black
761, 'react', 760, 1, green
762, 'convert to dynamics (IP15)', 761, 1, red
763, 'evolution favours phenotypic quality cues over individuality cues', 762, 1,  purple
764, 'change from static to dynamic field', 762, 1,  purple
765, 'piano finger', 764, 1,  blue
766, 'make parts independently moveable', 762, 1,  purple
767, 'ant-lion', 766, 1,  blue
768, 'use independent suspension', 766, 1,  purple
769, 'increase degrees of freedom', 766, 1,  purple
770, 'lubricate', 766, 1,  purple
771, 'nacre mechanics', 770, 1,  blue
772, 'make parts independently responsive', 766, 1,  purple
773, 'optimal sensory processing', 772, 1,  blue
774, 'deploy a structure', 762, 1,  purple
775, 'deploy a deformation along a structure', 774, 1,  purple
776, 'use a double helical mechanism', 774, 1,  purple
777, 'change stationary to moveable', 762, 1,  purple
778, 'copepods predator-prey interactions', 777, 1,  blue
779, 'progress to optimal operating conditions', 762, 1,  purple
780, 'ant decisions', 779, 1,  blue
781, 'lignified seaweed', 779, 1,  blue
782, 'optimise object', 779, 1,  purple
783, 'maintain a dynamic equilibrium', 779, 1,  purple
784, 'filter-feeding shark', 783, 1,  blue
785, 'ensure structure is flexible', 779, 1,  purple
786, 'optimise process', 779, 1,  purple
787, 'change developmental process', 779, 1,  purple
788, 'growth-rate lifespan', 787, 1,  blue
789, 'resistance-tolerance', 787, 1,  blue
790, 'acclimatise', 779, 1,  purple
791, 'optimise environment', 779, 1,  purple
792, 'change response threshold', 779, 1,  purple
793, 'toad vision', 792, 1,  blue
794, 'post-error dynamics', 792, 1,  blue
795, 'neural threshold', 792, 1,  blue
796, 'optimal sensory processing', 792, 1,  blue
797, 'copulation corrupts immunity', 792, 1,  blue
798, 'means to increase adaptiveness', 779, 1,  purple
799, 'grazing copepods', 798, 1,  blue
800, 'change genotype', 798, 1,  purple
801, 'adaptive control', 798, 1,  purple
802, 'gene network size', 801, 1,  blue
803, 'phenotypic variability', 798, 1,  purple
804, 'change phenotype', 798, 1,  purple
805, 'learn', 760, 1, green
806, 'use feedback (IP23)', 805, 1, red
807, 'use a form of sensory feedback', 806, 1,  purple
808, 'use a mechanical feedback', 807, 1,  purple
809, 'piano finger', 808, 1,  blue
810, 'use gravity feedback', 807, 1,  purple
811, 'use vibrational feedback', 807, 1,  purple
812, 'use visual feedback', 807, 1,  purple
813, 'use optical feedback', 807, 1,  purple
814, 'use feedback from flowing fluid', 807, 1,  purple
815, 'copepods predator-prey interactions', 814, 1,  blue
816, 'use proprioception', 807, 1,  purple
817, 'use position feedback', 816, 1,  purple
818, 'ant-lion', 817, 1,  blue
819, 'use audio feedback', 807, 1,  purple
820, 'detect a shift or change in frequency', 819, 1,  purple
821, 'use a broad frequency band', 819, 1,  purple
822, 'use negative feedback', 806, 1,  purple
823, 'initiate stability control', 822, 1,  purple
824, 'inhibit', 822, 1,  purple
825, 'use population control', 806, 1,  purple
826, 'use linear feedback', 806, 1,  purple
827, 'use morphological feedback', 806, 1,  purple
828, 'allow genetic feedback and control', 806, 1,  purple
829, 'use neural or electronic feedback', 806, 1,  purple
830, 'use behavioural feedback', 806, 1,  purple
831, 'grazing copepods', 830, 1,  blue
832, 'filter-feeding shark', 830, 1,  blue
833, 'come to a concensual agreement', 830, 1,  purple
834, 'ant decisions', 833, 1,  blue
835, 'sick bees', 833, 1,  blue
836, 'follow a pre-existing trail', 830, 1,  purple
837, 'learn', 830, 1,  purple
838, 'false alarms', 837, 1,  blue
839, 'use positive feedback', 806, 1,  purple
840, 'foraging pheromone', 839, 1,  blue
841, 'amplify feedback', 839, 1,  purple
842, 'use a nonlinear positive feedback', 839, 1,  purple
843, 'ant decisions', 842, 1,  blue
844, 'excite', 839, 1,  purple
845, 'use physiological feedback', 806, 1,  purple
846, 'use error correction', 806, 1,  purple
847, 'post-error dynamics', 846, 1,  blue
848, 'use passive feedback', 806, 1,  purple
849, 'set sensitivity inverse to input signal', 848, 1,  purple
850, 'use automatic control', 806, 1,  purple
851, 'use natural selection', 850, 1,  purple
852, 'implement quality control', 850, 1,  purple
853, 'ejaculate economics', 852, 1,  blue
854, 'optimise the signal-to-noise ratio', 852, 1,  purple
855, 'toad vision', 854, 1,  blue
856, 'be sensitive to environmental cues', 850, 1,  purple
857, 'copepods predator-prey interactions', 856, 1,  blue
858, 'use adaptive evolution', 850, 1,  purple
859, 'fitness and stability', 858, 1,  blue
860, 'prepare for action (IP10)', 805, 1, red
861, 'adapt behaviour', 860, 1,  purple
862, 'acquire resource', 861, 1,  purple
863, 'copepods predator-prey interactions', 862, 1,  blue
864, 'store resource', 861, 1,  purple
865, 'use stored resource', 864, 1,  purple
866, 'ejaculate economics', 865, 1,  blue
867, 'jasmonate and auxin', 865, 1,  blue
868, 'store water', 864, 1,  purple
869, 'store nutrition', 864, 1,  purple
870, 'store elastic energy', 864, 1,  purple
871, 'degree of specialisation', 860, 1,  purple
872, 'generalise', 871, 1,  purple
873, 'specialise', 871, 1,  purple
874, 'adapt timing', 860, 1,  purple
875, 'develop ability to predict', 874, 1,  purple
876, 'post-error dynamics', 875, 1,  blue
877, 'piano finger', 875, 1,  blue
878, 'respond to photoperiod', 875, 1,  purple
879, 'use daily periodicity', 874, 1,  purple
880, 'nocturnal activity', 879, 1,  purple
881, 'crepuscular activity', 879, 1,  purple
882, 'diurnal activity', 879, 1,  purple
883, 'use seasonal periodicity', 874, 1,  purple
884, 'develop dormancy', 883, 1,  purple
885, 'adapt physiology', 860, 1,  purple
886, 'foraging pheromone', 885, 1,  blue
887, 'ant decisions', 885, 1,  blue
888, 'copulation corrupts immunity', 885, 1,  blue
889, 'increase immune response', 885, 1,  purple
890, 'decrease immune response', 885, 1,  purple
891, 'corticosteroid and feathers', 890, 1,  blue
892, 'adapt morphology', 860, 1,  purple
893, 'Gambusia swimming', 892, 1,  blue
894, 'use a breakable membrane', 892, 1,  purple
895, 'pre-adapt', 892, 1,  purple
896, 'invest more energy into structure', 892, 1,  purple
897, 'communicate', 760, 1, green
898, 'use an intermediary (IP24)', 897, 1, red
899, 'use an intermediary object', 898, 1,  purple
900, 'use an object with some power of attraction', 899, 1,  purple
901, 'use an attractive quality', 900, 1,  purple
902, 'use an attractive thing', 900, 1,  purple
903, 'use a sensor to monitor mediation', 899, 1,  purple
904, 'use an intermediary carrier', 898, 1,  purple
905, 'neural threshold', 904, 1,  blue
906, 'use a chemical cue', 904, 1,  purple
907, 'foraging pheromone', 906, 1,  blue
908, 'use a transfer mould', 904, 1,  purple
909, 'adsorb onto a surface', 904, 1,  purple
910, 'use a template', 904, 1,  purple
911, 'use action of an intermediary', 898, 1,  purple
912, 'modify radiation conditions', 911, 1,  purple
913, 'diffuse with a sharp edge', 912, 1,  purple
914, 'reflect radiation wavelengths', 912, 1,  purple
915, 'reflect radiation intensity', 912, 1,  purple
916, 'use a acatalyst', 911, 1,  purple
917, 'pea aphid sterol', 916, 1,  blue
918, 'use an exchanger', 911, 1,  purple
919, 'use the action of a hormone', 911, 1,  purple
920, 'copulation corrupts immunity', 919, 1,  blue
921, 'merge two or more objects temporarily', 898, 1,  purple
922, 'use an inhibitory binding protein', 921, 1,  purple
923, 'use an adhesive', 921, 1,  purple
924, 'spider muscle', 923, 1,  blue
925, 'chameleon suction trap', 923, 1,  blue
926, 'dissolve boundaries', 921, 1,  purple
927, 'use feedback (IP23)', 897, 1, red
928, 'use a form of sensory feedback', 927, 1,  purple
929, 'use a mechanical feedback', 928, 1,  purple
930, 'piano finger', 929, 1,  blue
931, 'use gravity feedback', 928, 1,  purple
932, 'use vibrational feedback', 928, 1,  purple
933, 'use visual feedback', 928, 1,  purple
934, 'use optical feedback', 928, 1,  purple
935, 'use feedback from flowing fluid', 928, 1,  purple
936, 'copepods predator-prey interactions', 935, 1,  blue
937, 'use proprioception', 928, 1,  purple
938, 'use position feedback', 937, 1,  purple
939, 'ant-lion', 938, 1,  blue
940, 'use audio feedback', 928, 1,  purple
941, 'detect a shift or change in frequency', 940, 1,  purple
942, 'use a broad frequency band', 940, 1,  purple
943, 'use negative feedback', 927, 1,  purple
944, 'initiate stability control', 943, 1,  purple
945, 'inhibit', 943, 1,  purple
946, 'use population control', 927, 1,  purple
947, 'use linear feedback', 927, 1,  purple
948, 'use morphological feedback', 927, 1,  purple
949, 'allow genetic feedback and control', 927, 1,  purple
950, 'use neural or electronic feedback', 927, 1,  purple
951, 'use behavioural feedback', 927, 1,  purple
952, 'grazing copepods', 951, 1,  blue
953, 'filter-feeding shark', 951, 1,  blue
954, 'come to a concensual agreement', 951, 1,  purple
955, 'ant decisions', 954, 1,  blue
956, 'sick bees', 954, 1,  blue
957, 'follow a pre-existing trail', 951, 1,  purple
958, 'learn', 951, 1,  purple
959, 'false alarms', 958, 1,  blue
960, 'use positive feedback', 927, 1,  purple
961, 'foraging pheromone', 960, 1,  blue
962, 'amplify feedback', 960, 1,  purple
963, 'use a nonlinear positive feedback', 960, 1,  purple
964, 'ant decisions', 963, 1,  blue
965, 'excite', 960, 1,  purple
966, 'use physiological feedback', 927, 1,  purple
967, 'use error correction', 927, 1,  purple
968, 'post-error dynamics', 967, 1,  blue
969, 'use passive feedback', 927, 1,  purple
970, 'set sensitivity inverse to input signal', 969, 1,  purple
971, 'use automatic control', 927, 1,  purple
972, 'use natural selection', 971, 1,  purple
973, 'implement quality control', 971, 1,  purple
974, 'ejaculate economics', 973, 1,  blue
975, 'optimise the signal-to-noise ratio', 973, 1,  purple
976, 'toad vision', 975, 1,  blue
977, 'be sensitive to environmental cues', 971, 1,  purple
978, 'copepods predator-prey interactions', 977, 1,  blue
979, 'use adaptive evolution', 971, 1,  purple
980, 'fitness and stability', 979, 1,  blue
981, 'mark', 760, 1, green
982, 'prepare for action (IP10)', 981, 1, red
983, 'adapt behaviour', 982, 1,  purple
984, 'acquire resource', 983, 1,  purple
985, 'copepods predator-prey interactions', 984, 1,  blue
986, 'store resource', 983, 1,  purple
987, 'use stored resource', 986, 1,  purple
988, 'ejaculate economics', 987, 1,  blue
989, 'jasmonate and auxin', 987, 1,  blue
990, 'store water', 986, 1,  purple
991, 'store nutrition', 986, 1,  purple
992, 'store elastic energy', 986, 1,  purple
993, 'degree of specialisation', 982, 1,  purple
994, 'generalise', 993, 1,  purple
995, 'specialise', 993, 1,  purple
996, 'adapt timing', 982, 1,  purple
997, 'develop ability to predict', 996, 1,  purple
998, 'post-error dynamics', 997, 1,  blue
999, 'piano finger', 997, 1,  blue
1000, 'respond to photoperiod', 997, 1,  purple
1001, 'use daily periodicity', 996, 1,  purple
1002, 'nocturnal activity', 1001, 1,  purple
1003, 'crepuscular activity', 1001, 1,  purple
1004, 'diurnal activity', 1001, 1,  purple
1005, 'use seasonal periodicity', 996, 1,  purple
1006, 'develop dormancy', 1005, 1,  purple
1007, 'adapt physiology', 982, 1,  purple
1008, 'foraging pheromone', 1007, 1,  blue
1009, 'ant decisions', 1007, 1,  blue
1010, 'copulation corrupts immunity', 1007, 1,  blue
1011, 'increase immune response', 1007, 1,  purple
1012, 'decrease immune response', 1007, 1,  purple
1013, 'corticosteroid and feathers', 1012, 1,  blue
1014, 'adapt morphology', 982, 1,  purple
1015, 'Gambusia swimming', 1014, 1,  blue
1016, 'use a breakable membrane', 1014, 1,  purple
1017, 'pre-adapt', 1014, 1,  purple
1018, 'invest more energy into structure', 1014, 1,  purple
1019, 'fluoresce', 760, 1, green
1020, 'use an intermediary (IP24)', 1019, 1, red
1021, 'use an intermediary object', 1020, 1,  purple
1022, 'use an object with some power of attraction', 1021, 1,  purple
1023, 'use an attractive quality', 1022, 1,  purple
1024, 'use an attractive thing', 1022, 1,  purple
1025, 'use a sensor to monitor mediation', 1021, 1,  purple
1026, 'use an intermediary carrier', 1020, 1,  purple
1027, 'neural threshold', 1026, 1,  blue
1028, 'use a chemical cue', 1026, 1,  purple
1029, 'foraging pheromone', 1028, 1,  blue
1030, 'use a transfer mould', 1026, 1,  purple
1031, 'adsorb onto a surface', 1026, 1,  purple
1032, 'use a template', 1026, 1,  purple
1033, 'use action of an intermediary', 1020, 1,  purple
1034, 'modify radiation conditions', 1033, 1,  purple
1035, 'diffuse with a sharp edge', 1034, 1,  purple
1036, 'reflect radiation wavelengths', 1034, 1,  purple
1037, 'reflect radiation intensity', 1034, 1,  purple
1038, 'use a acatalyst', 1033, 1,  purple
1039, 'pea aphid sterol', 1038, 1,  blue
1040, 'use an exchanger', 1033, 1,  purple
1041, 'use the action of a hormone', 1033, 1,  purple
1042, 'copulation corrupts immunity', 1041, 1,  blue
1043, 'merge two or more objects temporarily', 1020, 1,  purple
1044, 'use an inhibitory binding protein', 1043, 1,  purple
1045, 'use an adhesive', 1043, 1,  purple
1046, 'spider muscle', 1045, 1,  blue
1047, 'chameleon suction trap', 1045, 1,  blue
1048, 'dissolve boundaries', 1043, 1,  purple
